{"cameraMode":{"drawMode":0,"name":"Shaded","section":"Shading Mode"},"sceneLighting":false,"audioPlay":false,"sceneViewState":{"m_AlwaysRefresh":false,"showFog":true,"showSkybox":false,"showFlares":true,"showImageEffects":true,"showParticleSystems":true,"showVisualEffectGraphs":true,"m_FxEnabled":true},"in2DMode":false,"pivot":{"x":525.6926879882813,"y":985.3782958984375,"z":-11.610596656799317},"rotation":{"x":0.0026906414423137905,"y":0.008096674457192421,"z":0.000022032407287042588,"w":-0.9999597668647766},"size":2187.618896484375,"orthographic":true}