{"cameraMode":{"drawMode":0,"name":"Shaded","section":"Shading Mode"},"sceneLighting":true,"audioPlay":false,"sceneViewState":{"m_AlwaysRefresh":false,"showFog":true,"showSkybox":true,"showFlares":true,"showImageEffects":true,"showParticleSystems":true,"showVisualEffectGraphs":true,"m_FxEnabled":true},"in2DMode":false,"pivot":{"x":489.2132568359375,"y":1083.9248046875,"z":24.94805908203125},"rotation":{"x":-0.03630075976252556,"y":0.008091457188129425,"z":-0.0002937418466899544,"w":-0.9993088841438294},"size":1172.6260986328125,"orthographic":true}